["Ben@primary.vc\n","Brad@primary.vc\n","Steve@primary.vc\n","Anu@correlationvc.com\n","David@correlationvc.com\n","Trevor@correlationvc.com\n","Ariel.Arrieta@nxtplabs.com\n","Marta.Cruz@nxtplabs.com\n","Esteban.Rubini@nxtplabs.com\n","Francisco.Coronel@nxtplabs.com\n","Gonzalo.Costa@nxtplabs.com\n","James.Haft@nxtplabs.com\n","Magnus.Varassin Arantes@nxtplabs.com\n","Carol.Cedrone Brennan@bdc.ca/en/bdc-capital/venture-capital/pages/venture-capital.aspx\n","Christopher.Gillam@bdc.ca/en/bdc-capital/venture-capital/pages/venture-capital.aspx\n","Dave.Harrington@bdc.ca/en/bdc-capital/venture-capital/pages/venture-capital.aspx\n","Dominique.Bélanger@bdc.ca/en/bdc-capital/venture-capital/pages/venture-capital.aspx\n","Erika.Kurczyn@bdc.ca/en/bdc-capital/venture-capital/pages/venture-capital.aspx\n","Geoff.J. Catherwood@bdc.ca/en/bdc-capital/venture-capital/pages/venture-capital.aspx\n","Ian.Wyatt@bdc.ca/en/bdc-capital/venture-capital/pages/venture-capital.aspx\n","Joseph.Regan@bdc.ca/en/bdc-capital/venture-capital/pages/venture-capital.aspx\n","Larry.Lam@bdc.ca/en/bdc-capital/venture-capital/pages/venture-capital.aspx\n","Michael.Denham@bdc.ca/en/bdc-capital/venture-capital/pages/venture-capital.aspx\n","Nazmin.Alani@bdc.ca/en/bdc-capital/venture-capital/pages/venture-capital.aspx\n","Nicolas.Gravel@bdc.ca/en/bdc-capital/venture-capital/pages/venture-capital.aspx\n","Paul.Flynn@bdc.ca/en/bdc-capital/venture-capital/pages/venture-capital.aspx\n","Phil.Anzarut@bdc.ca/en/bdc-capital/venture-capital/pages/venture-capital.aspx\n","Robert.Simon@bdc.ca/en/bdc-capital/venture-capital/pages/venture-capital.aspx\n","Sean.Brownlee@bdc.ca/en/bdc-capital/venture-capital/pages/venture-capital.aspx\n","Steven.Abrams@bdc.ca/en/bdc-capital/venture-capital/pages/venture-capital.aspx\n","Tony.Bommel@bdc.ca/en/bdc-capital/venture-capital/pages/venture-capital.aspx\n","Victor.D. Scutaru@bdc.ca/en/bdc-capital/venture-capital/pages/venture-capital.aspx\n","Ben.Capell@petersonpartners.com/ventures\n","Clint.Peterson@petersonpartners.com/ventures\n","Jacob.Zornes@petersonpartners.com/ventures\n","Joel.Peterson@petersonpartners.com/ventures\n","Marc.Fuller@petersonpartners.com/ventures\n","Matthew.Day@petersonpartners.com/ventures\n","Nichole.Peterson@petersonpartners.com/ventures\n","Peter.Usman@petersonpartners.com/ventures\n","Randall.Lloyd@petersonpartners.com/ventures\n","Robert.Hansen@petersonpartners.com/ventures\n","Brett.Stohlton@petersonpartners.com/ventures\n","Federico@playfaircapital.com\n","Georgia@playfaircapital.com\n","Joe@playfaircapital.com\n","CalacanisJason@launch.co\n","FinkDavid@science-inc.com\n","GilmanGreg@science-inc.com\n","JonesMike@science-inc.com\n","PhamPeter@science-inc.com\n","DareTom@science-inc.com\n","LindseyElizabeth@newyorkangels.com\n","CohenBrian@newyorkangels.com\n","S. RoseDavid@newyorkangels.com\n","FogelAvi@newyorkangels.com\n","MorganHoward@newyorkangels.com\n","SeltzerJeffrey@newyorkangels.com\n","SchneiderMark@newyorkangels.com\n","Bob.Zipp@amicuscapital.com\n","Dave@rightsidecapital.com\n","Jeff@rightsidecapital.com\n","Kevin@rightsidecapital.com\n","Alexis@altair.vc\n","Dmitry@altair.vc\n","Igor@altair.vc\n","Ksenia@altair.vc\n","Simon@altair.vc\n","Stanislav@altair.vc\n","Apurva@artha.ventures\n","Anirudh@artha.ventures\n","Brian@dgincubation.co.jp\n","Hiromi@dgincubation.co.jp\n","Miki@dgincubation.co.jp\n","Momoe@dgincubation.co.jp\n","Takayoshi@dgincubation.co.jp\n","Tetsuro@dgincubation.co.jp\n","Yosuke@dgincubation.co.jp\n","Yumi@dgincubation.co.jp\n","Jeff@kecventures.com\n","Jeff@kecventures.com\n","Josh@kecventures.com\n","PriceCreel@investible.com\n","VeytsblitDaniel@investible.com\n","BickerstaffHugh@investible.com\n","FolsomTrevor@investible.com\n","Jacob@structure.vc\n","Jillian@structure.vc\n","Mike@structure.vc\n","ManasAlphan@keiretsuforum.com\n","AtaseverAydonat@keiretsuforum.com\n","McDonaldBrianna@keiretsuforum.com\n","CarterChuck@keiretsuforum.com\n","MegrathDon@keiretsuforum.com\n","ErenDuygu@keiretsuforum.com\n","GumbinnerFred@keiretsuforum.com\n","PonsonbyJoe@keiretsuforum.com\n","HandelsmanMalcolm@keiretsuforum.com\n","AbeytaMike@keiretsuforum.com\n","Costa PlanasMiquel@keiretsuforum.com\n","WilliamsRandy@keiretsuforum.com\n","BisaryaRobin@keiretsuforum.com\n","BaysShelley@keiretsuforum.com\n","XuStephanie@keiretsuforum.com\n","Adrian@allianceofangels.com\n","Dan@allianceofangels.com\n","Geoff@allianceofangels.com\n","Gregg@allianceofangels.com\n","Rochelle@allianceofangels.com\n","Shane@allianceofangels.com\n","Yi-Jian@allianceofangels.com\n","Iain@guildcap.com\n","Aoki@globalbrains.com\n","Miyama@globalbrains.com\n","Tatsuoka@globalbrains.com\n","Uehara@globalbrains.com\n","Suzuki@globalbrains.com\n","Kato@globalbrains.com\n","Nakagawa@globalbrains.com\n","Yurimoto@globalbrains.com\n","Murase@globalbrains.com\n","Nikhil.Kapur@greeventures.com\n","Natsumi.Negishi@greeventures.com\n","Tatsuo.Tsutsumi@greeventures.com\n","Yusuke.Amano@greeventures.com\n","Tradacete GallartGonzalo@faraday.es\n","BielJaime@faraday.es\n","LiautaudBernard@balderton.com\n","WaterhouseDaniel@balderton.com\n","WiseJames@balderton.com\n","Fjeldsoe-NielsenLars@balderton.com\n","MoffatRob@balderton.com\n","ChandratillakeSuranga@balderton.com\n","Alexandra@seedinvest.com\n","James@seedinvest.com\n","Ryan@seedinvest.com\n","David@rusticcanyon.com\n","John@rusticcanyon.com\n","Nate@rusticcanyon.com\n","Thomas@rusticcanyon.com\n","CarreseAnne-Sophie@elaia.com\n","FavierCedric@elaia.com\n","LescureFranck@elaia.com\n","SkarlakidisHaris@elaia.com\n","RougierMarc@elaia.com\n","KulawikMaryline@elaia.com\n","RouxPauline@elaia.com\n","GirePhilippe@elaia.com\n","Rivera OlalquiagaRamon@elaia.com\n","JerusalmySamantha@elaia.com\n","LazarusXavier@elaia.com\n","Louay@jabbar.com\n","Emmanuel@jabbar.com\n","Hussam@jabbar.com\n","Samih@jabbar.com\n","Antti.Makela@reaktorventures.com\n","Fernando.Leon@reaktorventures.com\n","Roni.Ström@reaktorventures.com\n","FlaquerJordi@caixacapitalrisc.es\n","Esteva TuñíMilós@caixacapitalrisc.es\n","AlvarezXavier@caixacapitalrisc.es\n","KobusBrian@omersventures.com\n","RovinelliCasey@omersventures.com\n","SteelDamien@omersventures.com\n","OrlandoJim@omersventures.com\n","RuffoloJohn@omersventures.com\n","YangMichael@omersventures.com\n","PaquetteSid@omersventures.com\n","Eduardo @mountainnazca.com\n","Hector @mountainnazca.com\n","Manolo @mountainnazca.com\n","Max @mountainnazca.com\n","Zunzunegui @mountainnazca.com\n","Blake@ludlowventures.com\n","Brett@ludlowventures.com\n","Aleks @ascensionventures.com\n","Chris @ascensionventures.com\n","Craig @ascensionventures.com\n","David @ascensionventures.com\n","Emma @ascensionventures.com\n","Ian @ascensionventures.com\n","Jami @ascensionventures.com\n","Jean @ascensionventures.com\n","Kieran @ascensionventures.com\n","Kip @ascensionventures.com\n","Michael @ascensionventures.com\n","Remy @ascensionventures.com\n","Roger @ascensionventures.com\n","Sue @ascensionventures.com\n","Barney @ascensionventures.com\n","Reem@oasis500.com\n","Luma@oasis500.com\n","Alex@kickstartfund.com\n","Curt@kickstartfund.com\n","Dalton@kickstartfund.com\n","Gavin@kickstartfund.com\n","Andrew@betaworks.com\n","Andy@betaworks.com\n","John@betaworks.com\n","Joshua@betaworks.com\n","Jake@betaworks.com\n","Matthew@betaworks.com\n","Nicholas@betaworks.com\n","Paul@betaworks.com\n","Paul@betaworks.com\n","Peter@betaworks.com\n","Sam@betaworks.com\n","Eldefrawy@dormroomfund.com\n","Li@dormroomfund.com\n","Kirtikar@dormroomfund.com\n","Chen@dormroomfund.com\n","Becker@dormroomfund.com\n","Yang@dormroomfund.com\n","Kandikonda@dormroomfund.com\n","Chen@dormroomfund.com\n","(Graves) Winegar@dormroomfund.com\n","Kirubarajan@dormroomfund.com\n","Aydin@dormroomfund.com\n","Torrey@dormroomfund.com\n","Labe@dormroomfund.com\n","Willess@dormroomfund.com\n","Walker@dormroomfund.com\n","Hamilton@dormroomfund.com\n","Seitz@dormroomfund.com\n","Shei@dormroomfund.com\n","Smilow@dormroomfund.com\n","Lee@dormroomfund.com\n","Mackanic@dormroomfund.com\n","Bessonov@dormroomfund.com\n","Nguyen@dormroomfund.com\n","Khoja@dormroomfund.com\n","Sheinman@dormroomfund.com\n","Zhou@dormroomfund.com\n","Dorsainvil White@dormroomfund.com\n","Leao@dormroomfund.com\n","Yaegashi@dormroomfund.com\n","Omughelli@dormroomfund.com\n","Zhang@dormroomfund.com\n","Cavill@dormroomfund.com\n","Lafia@dormroomfund.com\n","Rosic@dormroomfund.com\n","Kothari@dormroomfund.com\n","Fowler@dormroomfund.com\n","Hui-Bon-Hoa@dormroomfund.com\n","Morgan@dormroomfund.com\n","Ohri@dormroomfund.com\n","Guzick@dormroomfund.com\n","Sakowitz@dormroomfund.com\n","Bhamidipati@dormroomfund.com\n","Aspandiar@dormroomfund.com\n","Gupta@dormroomfund.com\n","Agarwal@dormroomfund.com\n","Yen@dormroomfund.com\n","MacConnell@dormroomfund.com\n","Flanagan@dormroomfund.com\n","Guthrie@dormroomfund.com\n","Lee@dormroomfund.com\n","Rachakonda@dormroomfund.com\n","Magan@dormroomfund.com\n","Letourneur@alven.co\n","Aubin@alven.co\n","Uzan@alven.co\n","Kamber@alven.co\n","Menegaux@alven.co\n","Ben.Holbrook@irishangels.com\n","David.Sutherland@irishangels.com\n","David.Wieland@irishangels.com\n","Doug.Ramler@irishangels.com\n","Gale.Bowman@irishangels.com\n","Kaitlyn.Doyle@irishangels.com\n","Mark.Janek@irishangels.com\n","Mike.Bechtel@irishangels.com\n","Monica.Luechtefeld@irishangels.com\n","Patrick.Schneidau@irishangels.com\n","Terrence.Reeves@irishangels.com\n","John@inventuscap.com\n","Kanwal@inventuscap.com\n","Manu@inventuscap.com\n","Parag@inventuscap.com\n","Rutvik@inventuscap.com\n","Samir@inventuscap.com\n","Bob@hydeparkangels.com\n","Chris@hydeparkangels.com\n","Corey@hydeparkangels.com\n","Heidi@hydeparkangels.com\n","Joe@hydeparkangels.com\n","Pete@hydeparkangels.com\n","Susan@hydeparkangels.com\n","Kyle@rainfall.com\n","Ron@rainfall.com\n","Igor.Semenov@taventures.vc\n","Pawel.Schapiro@taventures.vc\n","Viktoriya.Tigipko@taventures.vc\n","Anthony@quakecapital.com\n","Amy@quakecapital.com\n","Chad@quakecapital.com\n","Glenn@quakecapital.com\n","Jason@quakecapital.com\n","Ilya@concentricteam.com\n","Denis@concentricteam.com\n","Kjartan@concentricteam.com\n","Mark@concentricteam.com\n","Jesse@halogenvc.com\n","Christie@investnebraska.com\n","Dan@investnebraska.com\n","Alex@3kvc.com\n","Marko.Vanska@businessfinland.fi\n","Adam@jamjarinvestments.com\n","Jon@jamjarinvestments.com\n","Katie@jamjarinvestments.com\n","Richard@jamjarinvestments.com\n","Alex @kindredcapital.vc\n","Azeem @kindredcapital.vc\n","Chrysanthos @kindredcapital.vc\n","Leila @kindredcapital.vc\n","Richard @kindredcapital.vc\n","Russell @kindredcapital.vc\n","Angelika@startupfundingclub.com\n","Stephen@startupfundingclub.com\n","Brigitte@gobeyondinvesting.com\n","Juan@gobeyondinvesting.com\n","Klaus@gobeyondinvesting.com\n","Patricia@gobeyondinvesting.com\n","Stefan@gobeyondinvesting.com\n","Trudi@gobeyondinvesting.com\n","Maria Victoria Hernandez @gobeyondinvesting.com\n","Dan@commercevc.com\n","Matthew@commercevc.com\n","Sandeep@commercevc.com\n","Ysbrant@commercevc.com\n","Ashley@nextgenvp.com\n","Brett@nextgenvp.com\n","Benjamin@nextgenvp.com\n","Chris@nextgenvp.com\n","Jon@nextgenvp.com\n","Dan@nextgenvp.com\n","Tatyana@almazcapital.com\n","Alexander@almazcapital.com\n","Pavel@almazcapital.com\n","Sasha@almazcapital.com\n","Tanya@almazcapital.com\n","Victor@almazcapital.com\n","Carles.Ferrer Roqueta@nautacapital.com\n","Daniel.Sanchez@nautacapital.com\n","Dominic.Endicott@nautacapital.com\n","Guillem.Sague@nautacapital.com\n","Jordi.Viñas@nautacapital.com\n","Michael@harrisonmetal.com\n","Ben@rainmakers.co\n","Hermione@rainmakers.co\n","Leo@rainmakers.co\n","Alex @reuscapitalpartners.com\n","Derek@actoneventures.com\n","Michael @actoneventures.com\n","Arul@11-11ventures.com\n","Paul@11-11ventures.com\n","Damian@coventure.vc\n","Ali@coventure.vc\n","Adam@coventure.vc\n","Brandon@coventure.vc\n","Brian@coventure.vc\n","Dee@coventure.vc\n","Isaac@coventure.vc\n","Jamil@coventure.vc\n","Jesse@coventure.vc\n","Karl@coventure.vc\n","Maggie@coventure.vc\n","Marc@coventure.vc\n","Michael@coventure.vc\n","Nikhil@coventure.vc\n","Savneet@coventure.vc\n","Thatcher@coventure.vc\n","Alex.Pellegrini@apax.com\n","Amedeo.Carassai@apax.com\n","Amos.Goren@apax.com\n","Andrew.Cavanna@apax.com\n","Andrew.Guille@apax.com\n","Andrew.Sillitoe@apax.com\n","Arthur.Brothag@apax.com\n","Ashish.Karandikar@apax.com\n","Bharat.Patel@apax.com\n","Cathrin.Petty@apax.com\n","Claude.Rosevegue@apax.com\n","David.Kim@apax.com\n","Dan.O’Keefe@apax.com\n","Steven.Dyson@apax.com\n","Eddie.Misrahi@apax.com\n","Francisco.Menjibar@apax.com\n","Franck.Hagège@apax.com\n","Frank.Ehmer@apax.com\n","Gabriele.Cipparrone@apax.com\n","Gautam.Narayan@apax.com\n","Giancarlo.Aliberti@apax.com\n","Jason.Wright@apax.com\n","Jean-Louis.Rambaud@apax.com\n","Katriona.Le Noury@apax.com\n","Marc.Benatar@apax.com\n","Marcelo.Gigliani@apax.com\n","Mark.Zubko@apax.com\n","Martin.Halusa@apax.com\n","Mitch.Truwit@apax.com\n","Nico.Hansen@apax.com\n","Ralf.Gruss@apax.com\n","Ronald.Weissman@apax.com\n","Seth.Brody@apax.com\n","Shashank.Singh@apax.com\n","Shay.Aba@apax.com\n","Simon.Cresswell@apax.com\n","Tom.Hall@apax.com\n","Walter.Piacsek@apax.com\n","Jordan@foundersfuture.com\n","Marc@foundersfuture.com\n","Valentine@foundersfuture.com\n","Danny@reinventure.com.au\n","Simon@reinventure.com.au\n","de BarrónAlejandro Mínguez Ortiz@bankinter.com\n","Nuñez GarcíaBlanca@bankinter.com\n","FernandesBruno@bankinter.com\n","LópezDiego@bankinter.com\n","PalacioElena@bankinter.com\n","ForchGerard Esteban@bankinter.com\n","Gómez-Reino GutiérrezJavier@bankinter.com\n","VicarioJulia@bankinter.com\n","Rada PelegríJulio@bankinter.com\n","Miguel HerreroLuis@bankinter.com\n","ArtolaMiguel@bankinter.com\n","Taledo de SousaMiguel@bankinter.com\n","SagüésPedro@bankinter.com\n","Moreno MorenoRaul@bankinter.com\n","Freeman@ofcapital.com\n","Hanying@ofcapital.com\n","Joe@ofcapital.com\n","Wenqing@ofcapital.com\n","Xiao@ofcapital.com\n","Youzhou@ofcapital.com\n","Kusumo.Martanto@gdpventure.com\n","Martin.Hartono@gdpventure.com\n","Anu@femalefoundersfund.com\n","Nisha.Dua@bbgventures.com\n","Susan.Lyne@bbgventures.com\n","CullenChuck@grotech.com\n","RaineyDon@grotech.com\n","ZellJoe@grotech.com\n","TaxinJulia@grotech.com\n","DeVriesLawson@grotech.com\n","FredrickSteve@grotech.com\n","YuBen@sierraventures.com\n","SchmidtBrendon@sierraventures.com\n","SchwabDavid@sierraventures.com\n","DoehrmanJim@sierraventures.com\n","FernandesMark@sierraventures.com\n","WilliamsSteve@sierraventures.com\n","GuleriTim@sierraventures.com\n","Michael@resolute.vc\n","Raanan@resolute.vc\n","DickinsonBrendan@canaan.com\n","AhrensBrent@canaan.com\n","CiporinDaniel@canaan.com\n","KamraDeepak@canaan.com\n","YoungEric@canaan.com\n","SimonianHrach@canaan.com\n","ShayIzhar@canaan.com\n","BalenJohn@canaan.com\n","BhattacharyyaJoydeep@canaan.com\n","Papanek GrantJulie@canaan.com\n","KjellsonNina@canaan.com\n","IbrahimMaha@canaan.com\n","GilroyMichael@canaan.com\n","BoyleRichard@canaan.com\n","BlochStephen@canaan.com\n","ShannonTimothy@canaan.com\n","LeeWarren@canaan.com\n","HuttonWende@canaan.com\n","Hernan@kaszek.com\n","Marcelo@kaszek.com\n","Nicolas@kaszek.com\n","Nicolas@kaszek.com\n","Andy@kaszek.com\n","Santiago@kaszek.com\n","Babak@angel.co\n","Philipp@angel.co\n","Sean@angel.co\n","Craig@collaborativefund.com\n","Taylor@collaborativefund.com\n","Jungju@collaborativefund.com\n","Lauren@collaborativefund.com\n","Morgan@collaborativefund.com\n","Ryan@collaborativefund.com\n","Sophie@collaborativefund.com\n","Thomas@tektonventures.com\n","Vincent@tektonventures.com\n","Jai@tektonventures.com\n","BoszhardtAndrew@greatoaksvc.com\n","McNamaraHenry@greatoaksvc.com\n","PhilosophosJohn@greatoaksvc.com\n","Christian.Buchenau@pauaventures.com\n","Christophe.Defforey@pauaventures.com\n","Federico.Wengi@pauaventures.com\n","Georg.Stockinger@pauaventures.com\n","Moritz.Poewe@pauaventures.com\n","Michael@caaventures.com\n","Dan@caaventures.com\n","Salim@caaventures.com\n","Lacour@isai.vc\n","Turluche@isai.vc\n","Poupinel@isai.vc\n","Roux de Bezieux@isai.vc\n","Rivassou@isai.vc\n","Chamboredon@isai.vc\n","Barbault@isai.vc\n","Ohayon@isai.vc\n","Kosciusko-Morizet@isai.vc\n","Martini@isai.vc\n","Raynaud@isai.vc\n","Treppoz@isai.vc\n","Vandewalle@isai.vc\n","Andreas.Scholten@ge32.com\n","Florian.Hagenbuch@ge32.com\n","Mate.Pencz@ge32.com\n","Brian@crosscut.vc\n","Clinton@crosscut.vc\n","Jason@crosscut.vc\n","Kamran@crosscut.vc\n","Mel@crosscut.vc\n","Rick@crosscut.vc\n","Christophe@atlanticlabs.de\n","Jens-Philipp@atlanticlabs.de\n","Marc-Olivier@atlanticlabs.de\n","Aleksandra@pointninecap.com\n","Andreas@pointninecap.com\n","Christoph@pointninecap.com\n","Janis@pointninecap.com\n","Kolja@pointninecap.com\n","Nathan@pointninecap.com\n","Piotr@pointninecap.com\n","Renaud@pointninecap.com\n","Pawel@pointninecap.com\n","Rodrigo@pointninecap.com\n","FlasterAndrew@fidelityventures.com\n","ClarkSimon@fidelityventures.com\n","PowerDave@fidelityventures.com\n","SantosusJulie@fidelityventures.com\n","NiaRamin@fidelityventures.com\n","AmusanToye@fidelityventures.com\n","Rey MicolauCarlos@foresightgroup.eu\n","MageeCarly@foresightgroup.eu\n","SheldonCharles@foresightgroup.eu\n","AlvarezClaire@foresightgroup.eu\n","WellsDan@foresightgroup.eu\n","HughesDavid@foresightgroup.eu\n","DorkofikisDiomidis@foresightgroup.eu\n","GiannandreaFederico@foresightgroup.eu\n","FraserGary@foresightgroup.eu\n","SofarelliGary@foresightgroup.eu\n","ClarkeHugi@foresightgroup.eu\n","LivingstonJames@foresightgroup.eu\n","RichardsJamie@foresightgroup.eu\n","NicolleJo-anna@foresightgroup.eu\n","HoldenJohn@foresightgroup.eu\n","GrahamJonty@foresightgroup.eu\n","HammondMatt@foresightgroup.eu\n","SmithMatt@foresightgroup.eu\n","CurrieMike@foresightgroup.eu\n","MorganNick@foresightgroup.eu\n","AitchisonNigel@foresightgroup.eu\n","EnglishPeter@foresightgroup.eu\n","PiñeiroRicardo@foresightgroup.eu\n","KellyRichard@foresightgroup.eu\n","ThompsonRichard@foresightgroup.eu\n","AppiahRodney@foresightgroup.eu\n","HealeyRussell@foresightgroup.eu\n","ThayerStephen@foresightgroup.eu\n","ThorpTom@foresightgroup.eu\n","MooreTom@foresightgroup.eu\n","FalangolaYanti@foresightgroup.eu\n","Anup@oriosvp.com\n","Rajeev@oriosvp.com\n","Rehan@oriosvp.com\n","Chase@fmcap.com\n","Mark@fmcap.com\n","Jet.Dai@ferryvc.com\n","Shu.Huang@ferryvc.com\n","Xuefeng.Wang@ferryvc.com\n","BertonJohn@georgianpartners.com\n","LaFayetteJustin@georgianpartners.com\n","ChongSimon@georgianpartners.com\n","LeightellSteve@georgianpartners.com\n","BaberTyson@georgianpartners.com\n","Andrew@BrandFoundryVC.com\n","Andy@founderscoop.com\n","Aviel@founderscoop.com\n","Chris@founderscoop.com\n","Jeffrey@founderscoop.com\n","Omri@founderscoop.com\n","Jill-Yablon@m3ventures.com\n","Sandy@javelinvp.com\n","Michael@beepartners.vc\n","Garrett@beepartners.vc\n","Michael.Riemenschneider@reimann-investors.com\n","Jens-Thomas.Pietralla@reimann-investors.com\n","Jussof.Breshna@reimann-investors.com\n","Noel.Zeh@reimann-investors.com\n","Christoph.Braun@actoncapital.com\n","Frank.Seehaus@actoncapital.com\n","Fritz.Oidtmann@actoncapital.com\n","Jan-Gisbert.Schultze@actoncapital.com\n","Paul-Bernhard.Kallen@actoncapital.com\n","Sebastian.Wossagk@actoncapital.com\n","BurachenokArtem@flintcap.com\n","GershfeldAndrew@flintcap.com\n","CitronDavid@flintcap.com\n","SmirnovDmitry@flintcap.com\n","GribovSergey@flintcap.com\n","Massimo@dncapital.com\n","Steve@dncapital.com\n","Thomas@dncapital.com\n","Nenad@dncapital.com\n","CasoMichael@rosecliffvc.com\n","MurphyMike@rosecliffvc.com\n","Alan@greycroft.com\n","Bo@greycroft.com\n","Dana@greycroft.com\n","Ellie@greycroft.com\n","Ian@greycroft.com\n","John@greycroft.com\n","Jon@greycroft.com\n","Kamran@greycroft.com\n","Mark@greycroft.com\n","Paul@greycroft.com\n","Dylan@greycroft.com\n","RannalaErik@muckercapital.com\n","HsuWilliam@muckercapital.com\n","Dirk@beenext.com\n","Hiro@beenext.com\n","Teruhide@beenext.com\n","Alice@launchcapital.com\n","Bill@launchcapital.com\n","Cliff@launchcapital.com\n","David@launchcapital.com\n","Elon@launchcapital.com\n","Konstantine@launchcapital.com\n","WestonGerry@lightercapital.com\n","PageJody@lightercapital.com\n","Can KarayelJohn @lightercapital.com\n","PrenticeJon@lightercapital.com\n","MarshallLucas@lightercapital.com\n","HoeneZachary@lightercapital.com\n","Amilcar@plugandplaytechcenter.com\n","Candace@plugandplaytechcenter.com\n","George@plugandplaytechcenter.com\n","Jojo@plugandplaytechcenter.com\n","Saeed@plugandplaytechcenter.com\n","Andy@plugandplaytechcenter.com\n","Ivan@plugandplaytechcenter.com\n","Xavier@kimaventures.com\n","Eléonore@kimaventures.com\n","Vincent@kimaventures.com\n","Jean@kimaventures.com\n","Alexis@kimaventures.com\n","Rose@kimaventures.com\n","Minamide@cyberagentventures.com\n","Kondo@cyberagentventures.com\n","Nguyen@cyberagentventures.com\n","Kitagawa@cyberagentventures.com\n","Tajima@cyberagentventures.com\n","Harald.Nieder@redalpine.com\n","Craig@airtree.vc\n","Daniel@airtree.vc\n","James@airtree.vc\n","John@airtree.vc\n","Dan@compound.vc\n","Drew@compound.vc\n","Tara@compound.vc\n","Teemu@compound.vc\n","David@compound.vc\n","Joshua@compound.vc\n","Michael@compound.vc\n","LevineMark@core-capital.com\n","DunbarWill@core-capital.com\n","Abdul@intel.com\n","Ajay@intel.com\n","Angela@intel.com\n","Anthony@intel.com\n","Anupam@intel.com\n","Arun@intel.com\n","Ashok@intel.com\n","Assaf@intel.com\n","Austin@intel.com\n","Bochtalan@intel.com\n","Cheryl@intel.com\n","Chiara@intel.com\n","Chris@intel.com\n","Christopher@intel.com\n","Curtis@intel.com\n","Dave@intel.com\n","David@intel.com\n","Devdutt@intel.com\n","Don@intel.com\n","Elana@intel.com\n","Erik@intel.com\n","Javier@intel.com\n","Fred@intel.com\n","Gerald@intel.com\n","James@intel.com\n","Jennifer@intel.com\n","Johann@intel.com\n","Marcos@intel.com\n","Mark@intel.com\n","Mark@intel.com\n","Meirav@intel.com\n","Michael@intel.com\n","Noam@intel.com\n","Roi@intel.com\n","Scott@intel.com\n","Shlomo@intel.com\n","Shridhar@intel.com\n","Standish@intel.com\n","Stephane@intel.com\n","Sumit@intel.com\n","Sunil@intel.com\n","Sunil@intel.com\n","Takayuki@intel.com\n","Thomas@intel.com\n","Tyler@intel.com\n","Wendell@intel.com\n","Erica@intel.com\n","Yair@intel.com\n","Zhenyu@intel.com\n","Roula@realventures.com\n","Roula@realventures.com\n","Alan@realventures.com\n","Charles@realventures.com\n","Isaac@realventures.com\n","Janet@realventures.com\n","John@realventures.com\n","JS@realventures.com\n","Marcel@realventures.com\n","Mark@realventures.com\n","Raphael@realventures.com\n","Sam@realventures.com\n","Sylvain@realventures.com\n","MottCatherine@innovationworks.org\n","MyersDonna@innovationworks.org\n","GlausserGary@innovationworks.org\n","DiamondIlana@innovationworks.org\n","JenJim@innovationworks.org\n","WilliamsJimmy@innovationworks.org\n","FerraraJoe@innovationworks.org\n","GarrettJuan@innovationworks.org\n","BensonKelley@innovationworks.org\n","MillerLarry@innovationworks.org\n","DavenportRonald@innovationworks.org\n","LunakRich@innovationworks.org\n","RutenbarRob@innovationworks.org\n","JonesTom@innovationworks.org\n","ZhaoAlex@chinaequity.net\n","ZhuHd@chinaequity.net\n","PiEnhao@chinaequity.net\n","Angel.Li@clsa.com\n","Angel.Li@clsa.com\n","Danny.Cheung@clsa.com\n","Edmund.Chan@clsa.com\n","Geoff.Lee@clsa.com\n","James.Woodburn@clsa.com\n","Kerryn.Tay@clsa.com\n","Michael.Lim@clsa.com\n","Nichoas.Woffinden@clsa.com\n","Tim.Lindley@clsa.com\n","Yasushi.Makihara@clsa.com\n","Hans-Jurgen@mangrove.vc\n","Michael@mangrove.vc\n","Roy@mangrove.vc\n","Willibrord@mangrove.vc\n","David@mangrove.vc\n","Mark@mangrove.vc\n","Camila@masschallenge.org\n","David@infinityventures.com\n","Hubert@infinityventures.com\n","Surinder@infinityventures.com\n","Yvonne@infinityventures.com\n","Akio@infinityventures.com\n","Bing@infinityventures.com\n","Hirofumi@infinityventures.com\n","Joseph@infinityventures.com\n","Sachin@infinityventures.com\n","Artem.Mikhlin@eranyc.com\n","Emily.Bell@eranyc.com\n","Jonathan.Axelrod@eranyc.com\n","Charlie.Kemper@eranyc.com\n","Murat.Aktihanoglu@eranyc.com\n","Carine@angelpad.com\n","Keval@angelpad.com\n","Thomas@angelpad.com\n","Ashish@blume.vc\n","Karthik@blume.vc\n","Sajith@blume.vc\n","Sanjay@blume.vc\n","Aileen@cowboy.vc\n","Joanne@cowboy.vc\n","Samantha@cowboy.vc\n","Ted@cowboy.vc\n","WallaceAlan@octopusventures.com\n","MacphersonAlex@octopusventures.com\n","ColeAlliott@octopusventures.com\n","LardiegFrederic@octopusventures.com\n","OliverJo@octopusventures.com\n","HakesLuke@octopusventures.com\n","Bala@kalaari.com\n","Rajesh@kalaari.com\n","Prashanth@kalaari.com\n","Sumit@kalaari.com\n","Vani@kalaari.com\n","WillemsenFrank@sandhillangels.com\n","Batara@east.vc\n","Taiga@east.vc\n","Daiki@east.vc\n","Jumpei@east.vc\n","Willson@east.vc\n","Bin.Li@jafcoasia.com\n","Fumito.Takashima@jafcoasia.com\n","Jian.Huan Zhu@jafcoasia.com\n","John.Lin Yu Chang@jafcoasia.com\n","Junitsu.Uchikata@jafcoasia.com\n","Melvin.Teo@jafcoasia.com\n","Pan.Swee Ting@jafcoasia.com\n","Bernard@birchmerevc.com\n","Gary@birchmerevc.com\n","Mark@birchmerevc.com\n","Ned@birchmerevc.com\n","Sean@birchmerevc.com\n","Sean@birchmerevc.com\n","Wada@incubatefund.com\n","Honma@incubatefund.com\n","Akaura@incubatefund.com\n","Murata@incubatefund.com\n","Emile@siliconbadia.com\n","Fawaz@siliconbadia.com\n","Tareq@siliconbadia.com\n","Namek@siliconbadia.com\n","John@lcif.co\n","Mark@lcif.co\n","BranchAdanne@inveready.com\n","IzquierdoAna@inveready.com\n","BouAngel@inveready.com\n","ContiCarlos@inveready.com\n","Feliu TornéEduard@inveready.com\n","FontsIgnacio@inveready.com\n","Puig MasllorensIgnacio@inveready.com\n","Ma EcharriJosep@inveready.com\n","TruchartePedro@inveready.com\n","Piqué PijuanRoger@inveready.com\n","Tilve OteroSabela@inveready.com\n","David.Soskin@howzatpartners.com\n","Hugo.Burge@howzatpartners.com\n","Sascha.Hausmann@howzatpartners.com\n","Kevin@chicagoventures.com\n","Lindsay@chicagoventures.com\n","Stuart@chicagoventures.com\n","Andrew@questvp.com\n","Marcus@questvp.com\n","Maarten@questvp.com\n","Alan.Morgan@mmcventures.com\n","Ameerul.Miah@mmcventures.com\n","Bruce.Macfarlane@mmcventures.com\n","Henry.Emson@mmcventures.com\n","David.Kelnar@mmcventures.com\n","Simon.Menashy@mmcventures.com\n","Linda .Burenius@almi.se/Almi-Invest\n","Marcus .Boijemyr@almi.se/Almi-Invest\n","Mikael.Karlsson@almi.se/Almi-Invest\n","Eva .Nordlander@almi.se/Almi-Invest\n","SW@kakao.vc\n","Jun@kakao.vc\n","Shina@kakao.vc\n","Eileen@passioncapital.com\n","Robert@passioncapital.com\n","Stefan@passioncapital.com\n","Bryce@oatv.com\n","Mark@oatv.com\n","Tim@oatv.com\n","David@dundeeventurecapital.com\n","Elizabeth@dundeeventurecapital.com\n","Greg@dundeeventurecapital.com\n","Jessica@dundeeventurecapital.com\n","John@dundeeventurecapital.com\n","Jonathan@dundeeventurecapital.com\n","Mark@dundeeventurecapital.com\n","LaMotheChristopher@elevateventures.com\n","SchpokJacob@elevateventures.com\n","GooteeTing@elevateventures.com\n","Bob@ocaventures.com\n","Dave@ocaventures.com\n","Ian@ocaventures.com\n","Jim@ocaventures.com\n","Joe@liquid2.vc\n","Michael@liquid2.vc\n","Mike@liquid2.vc\n","Todd@liquid2.vc\n","Debbie.Rennick@actventure.capital\n","John.Flynn@actventure.capital\n","John.O'Sullivan@actventure.capital\n","ProkofyevAlexey@addventure.vc\n","ErenburgMikhail@addventure.vc\n","MedvedevMax@addventure.vc\n","TerentievPavel@addventure.vc\n","CoenFilip@fomcap.com\n","de WeverMartijn@fomcap.com\n","OsborneTheo@fomcap.com\n","VolckaertWouter@fomcap.com\n","GrohDouglas@cincytechusa.com\n","RiceJohn@cincytechusa.com\n","VenerableMike@cincytechusa.com\n","Ilan@firstime.vc\n","Keren@firstime.vc\n","Nir@firstime.vc\n","KothariAkshay@notion.so\n","DewachterIlias@notion.so\n","del PalacioItxaso@notion.so\n","TottmanChris@notion.so\n","MilbournIan@notion.so\n","WhiteJos@notion.so\n","NorrisPatrick@notion.so\n","ChandlerStephen@notion.so\n","Dermot@deltapartners.com\n","Maurice@deltapartners.com\n","Angela@goldengate.vc\n","Paul@goldengate.vc\n","Jeffrey@goldengate.vc\n","Michael@goldengate.vc\n","Vinnie@goldengate.vc\n","Gigi@nfx.com\n","James@nfx.com\n","Maria@nfx.com\n","Pete@nfx.com\n","Stan@nfx.com\n","Yang@k2vc.com\n","Shiyu@k2vc.com\n","Andrew@bullpencap.com\n","Jen@bullpencap.com\n","Duncan@bullpencap.com\n","Eric@bullpencap.com\n","James@bullpencap.com\n","Mary@bullpencap.com\n","Paul@bullpencap.com\n","Richard@bullpencap.com\n","Brian@serviceprovidercapital.com\n","Douglas@serviceprovidercapital.com\n","Galen@serviceprovidercapital.com\n","Jody@serviceprovidercapital.com\n","Ned@serviceprovidercapital.com\n","Noah@serviceprovidercapital.com\n","Patrick@serviceprovidercapital.com\n","MacLaren@active-vp.com\n","Schroeder@active-vp.com\n","Pommerening@active-vp.com\n","Adrian@episode1.com\n","Carina@episode1.com\n","Damien@episode1.com\n","Paul@episode1.com\n","Simon@episode1.com\n","Ekaterina.Gianelli@inventure.fi\n","Fei.Xu@inventure.fi\n","Sami.Lampinen@inventure.fi\n","Tatiana.Shalalvand@inventure.fi\n","Timo.Tirkkonen@inventure.fi\n","Linus.Dahg@inventure.fi\n","Tuomas.Kosonen@inventure.fi\n","Hiroyuki.Muroga@nissay-cap.co.jp\n","Jusuke.Ikegami@nissay-cap.co.jp\n","Yoel@2b-angels.com\n","Arale@2b-angels.com\n","Sydney@precursorvc.com\n","Charles@precursorvc.com\n","Aftab@innovencapital.com\n","Ankit@innovencapital.com\n","Ashish@innovencapital.com\n","Ben@innovencapital.com\n","Chin@innovencapital.com\n","Punit@innovencapital.com\n","Tarana@innovencapital.com\n","EstabrookAnne@goldenseeds.com\n","KisDaphne@goldenseeds.com\n","NetheroDavid@goldenseeds.com\n","Bronston-Culp, CFADeb@goldenseeds.com\n","KemperDeb@goldenseeds.com\n","BeattyDavid@goldenseeds.com\n","BrewerEileen@goldenseeds.com\n","HoffmanGail@goldenseeds.com\n","JordanJennifer@goldenseeds.com\n","Ann CorkranJo@goldenseeds.com\n","JoostKellee@goldenseeds.com\n","KovacsKimberly@goldenseeds.com\n","KaneLauren@goldenseeds.com\n","FavaroLisa@goldenseeds.com\n","McCarthyLoretta@goldenseeds.com\n","GiganteLucienne@goldenseeds.com\n","BoyanerMarlene@goldenseeds.com\n","PolanMary@goldenseeds.com\n","PosoffMindy@goldenseeds.com\n","JainNada@goldenseeds.com\n","Marime-BallPatience@goldenseeds.com\n","WallacePeggy@goldenseeds.com\n","DelmanRob@goldenseeds.com\n","KreschSandra@goldenseeds.com\n","PulidoSebastian@goldenseeds.com\n","NarayanShelia@goldenseeds.com\n","SchultzSheryl@goldenseeds.com\n","ViklundSophia@goldenseeds.com\n","RyanUna@goldenseeds.com\n","WilsonVanessa@goldenseeds.com\n","P. RothsteinCharles@beringea.com\n","BoneChris@beringea.com\n","WeatherstoneHilary@beringea.com\n","McCormickKaren@beringea.com\n","MalingerEyal@beringea.com\n","WagnerMaria@beringea.com\n","TaylorMark@beringea.com\n","GrossMichael@beringea.com\n","ElliottShane@beringea.com\n","VealeStuart@beringea.com\n","LeitãoCristina@portugalventures.pt\n","PastorFilomena@portugalventures.pt\n","BenfeitoHeitor@portugalventures.pt\n","PereiraJoão@portugalventures.pt\n","BarbosaMiguel@portugalventures.pt\n","BottoMiguel@portugalventures.pt\n","JorgeRegina@portugalventures.pt\n","MarquesRita@portugalventures.pt\n","Augusto.Amatori@lventuregroup.com\n","Claudia.Cattani@lventuregroup.com\n","Domenico.Nesci@lventuregroup.com\n","Giovanni.Gazzola@lventuregroup.com\n","Luigi.Capello@lventuregroup.com\n","Maria.Augusta Fioruzzi@lventuregroup.com\n","Roberto.Magnifico@lventuregroup.com\n","Stefano.Pighini@lventuregroup.com\n","Lelo de Larrea y de HaroFernando@allvp.vc\n","AntoniFederico@allvp.vc\n","Alex.Kummant@capitalinnovators.com\n","Art.Handman@capitalinnovators.com\n","Brian.Dixon@capitalinnovators.com\n","Douglas.Wilson@capitalinnovators.com\n","Judy.Sindecuse@capitalinnovators.com\n","Erik@base.ventures\n","Kirby@base.ventures\n","Lisa@base.ventures\n","Michael@base.ventures\n","Ryan@base.ventures\n","Tami@base.ventures\n","OsadzinskiAlex@ideafundpartners.com\n","HalliganChris@ideafundpartners.com\n","RizzoDavid@ideafundpartners.com\n","JonesDavid@ideafundpartners.com\n","CambierJohn@ideafundpartners.com\n","DelgadoLister@ideafundpartners.com\n","FarisScott@ideafundpartners.com\n","Wayne@hedgewood.com\n","BermanCasey@cambercreek.com\n","FingertJake@cambercreek.com\n","BermanJeffrey@cambercreek.com\n","Anand@indiaquotient.in\n","Gagan@indiaquotient.in\n","Madhukar@indiaquotient.in\n","Prerna@indiaquotient.in\n","Bruno.Rivet@seventure.fr\n","Cedric.Favier@seventure.fr\n","David.Manjarres@seventure.fr\n","Isabelle.de Cremoux@seventure.fr\n","Philippe.Tramoy@seventure.fr\n","Sébastien.Groyer@seventure.fr\n","Gil@ridge.vc\n","Marta@ridge.vc\n","Pat@ridge.vc\n","Alexander@ridge.vc\n","David@artesianinvest.com\n","Luke@artesianinvest.com\n","Felix@artesianinvest.com\n","Gilles@artesianinvest.com\n","Jeremy@artesianinvest.com\n","John@artesianinvest.com\n","Kurt@artesianinvest.com\n","Matthew@artesianinvest.com\n","Richard@artesianinvest.com\n","Stuart@artesianinvest.com\n","Tim@artesianinvest.com\n","Vicky@artesianinvest.com\n","Brian@accessvp.com\n","Frank@accessvp.com\n","Jay@accessvp.com\n","Kirk@accessvp.com\n","Homan@fusionfund.com\n","Lu@fusionfund.com\n","Alex@relayventures.com\n","Geoff@relayventures.com\n","Jake@relayventures.com\n","Jeannette@relayventures.com\n","John@relayventures.com\n","Kevin@relayventures.com\n","Shintaro.Hashimoto@dena.com/intl\n","Aiman.Al-Atiqi@iriscapital.com\n","Alexander.Wiedmer@iriscapital.com\n","Angus.Paterson@iriscapital.com\n","Bernhard.Gold@iriscapital.com\n","Curt.Gunsenheimer@iriscapital.com\n","Didier.Lombard@iriscapital.com\n","Erik.de la Rivière@iriscapital.com\n","Erkan.Kilicaslan@iriscapital.com\n","Julien-David.Nitlech@iriscapital.com\n","Pierre.de Fouquet@iriscapital.com\n","Stéphane.Pesqué@iriscapital.com\n","Yaron.Rosenbaum@iriscapital.com\n","Aneel@somacapital.io\n","Buddy@somacapital.io\n","Cesare.Maifredi@360capitalpartners.com\n","Dominique.Rencure@360capitalpartners.com\n","Emanuele.Levi@360capitalpartners.com\n","Fausto.Boni@360capitalpartners.com\n","Francois.Collet@360capitalpartners.com\n","Nader.Sabbaghian@360capitalpartners.com\n","Nicolas.Autret@360capitalpartners.com\n","François.Tison@360capitalpartners.com\n","LazarevAlexander@maxfield.vc\n","KoujikovOleg@maxfield.vc\n","TurkotAlexander@maxfield.vc\n","Kyle.Bunch@ventures.rga.com\n","Dylan.Boyd@ventures.rga.com\n","Jonathan.Bradley@ventures.rga.com\n","Nick.Coronges@ventures.rga.com\n","Richard.Ting@ventures.rga.com\n","Hitoshi@scrum.vc\n","Michael@scrum.vc\n","Noriko@scrum.vc\n","Tak@scrum.vc\n","Akansh@kae-capital.com\n","Navin@kae-capital.com\n","Sasha@kae-capital.com\n","Vidushi@kae-capital.com\n","CrossCairn @freshtrackscap.com\n","KirekerCharlie @freshtrackscap.com\n","BouyeaLee @freshtrackscap.com\n","WhalenT.J. @freshtrackscap.com\n","DavisTim @freshtrackscap.com\n","Uwe.Horstmann@project-a.com\n","Anton.Waitz@project-a.com\n","Ben.Fischer@project-a.com\n","Florian.Heinemann@project-a.com\n","Thies.Sander@project-a.com\n","Alan.Costello@ndrc.ie\n","Ben.Hurley@ndrc.ie\n","Carl.Power@ndrc.ie\n","David.Scanlon@ndrc.ie\n","Dermot.Casey@ndrc.ie\n","Fergus.O’Dea@ndrc.ie\n","Gary.Leyden@ndrc.ie\n","Gearoid.McSweeney@ndrc.ie\n","Dovi@group11.vc\n","Ken@group11.vc\n","Devon@group11.vc\n","Neha@mumbaiangels.com\n","Sajid@mumbaiangels.com\n","Veena@mumbaiangels.com\n","Daniel@rhodium.co.il\n","Efi@rhodium.co.il\n","LycklamaEd@mapleleafangels.com\n","JessopFrank@mapleleafangels.com\n","LalaNancy@mapleleafangels.com\n","RameshPrathna@mapleleafangels.com\n","LalaProbal@mapleleafangels.com\n","MillsRichard@mapleleafangels.com\n","Brian@bam.vc\n","Richard@bam.vc\n","Shamin@bam.vc\n"]